dataset,copy,users,items,train_events,validation_events,test_events,density,user_train_median,item_train_median,user_activity_gini,item_popularity_gini,cold_user_fraction,cold_item_fraction
ml1m,1,6040,3952,281605,6036,287640,0.011797404952140923,28.0,18.0,0.5213078938125606,0.730156470246067,0.0011589403973509935,0.13689271255060728
ml1m,2,6040,3952,281607,6034,287640,0.011797488739040674,28.0,18.0,0.5195356871749572,0.7309617071003809,0.002152317880794702,0.13436234817813766
ml1m,3,6040,3952,281604,6037,287640,0.011797363058691047,28.0,18.0,0.5203668464597933,0.7314688306380446,0.001490066225165563,0.14271255060728744
amazon_kindle,1,9862,11298,112867,9862,122729,0.001012978932242464,8.0,7.0,0.44427381670107735,0.3663555185256566,0.002027986209693774,0.0
amazon_kindle,2,9862,11298,112867,9862,122729,0.001012978932242464,8.0,8.0,0.4444365396538523,0.36558583373961984,0.0016223889677550193,0.0003540449637103912
amazon_kindle,3,9862,11298,112872,9857,122729,0.0010130238071364651,8.0,7.0,0.44251904756832916,0.3684715259231288,0.0018251875887243967,0.00044255620463798905
netflix5k5k,1,5000,5000,73320,4616,77936,0.0029328,6.0,1.0,0.6438082487725041,0.8694480632842336,0.1666,0.403
netflix5k5k,2,5000,5000,73291,4645,77936,0.00293164,6.0,1.0,0.6428408590413557,0.8681426014108145,0.156,0.396
netflix5k5k,3,5000,5000,73328,4608,77936,0.00293312,6.0,1.0,0.6414136919048659,0.8679080951341915,0.1596,0.401
