dataset,setting,copy,arm,cutoff,ndcg,recall
ml1m,common_lr3,1,matched,5,0.2936773021884931,0.040449812987606
ml1m,common_lr3,1,matched,10,0.2739301103601017,0.07189346638588162
ml1m,common_lr3,1,matched,20,0.2598086112887796,0.12468842352252893
ml1m,common_lr3,1,matched,50,0.2553592174360762,0.22100317326427893
ml1m,common_lr3,1,user_dp,5,0.29572604408534187,0.04126904042645411
ml1m,common_lr3,1,user_dp,10,0.27474277777880607,0.07223254364031399
ml1m,common_lr3,1,user_dp,20,0.26026495664422117,0.12438865364885625
ml1m,common_lr3,1,user_dp,50,0.25493386801295786,0.21961646681115246
ml1m,common_lr3,2,matched,5,0.2918462472299309,0.041256565147306225
ml1m,common_lr3,2,matched,10,0.27209345259322104,0.07285510891012592
ml1m,common_lr3,2,matched,20,0.2601630819189576,0.12512460788839422
ml1m,common_lr3,2,matched,50,0.25669158424996624,0.22306023517443285
ml1m,common_lr3,2,user_dp,5,0.2922087953656403,0.04099917426050211
ml1m,common_lr3,2,user_dp,10,0.2722847735012032,0.07279758700247956
ml1m,common_lr3,2,user_dp,20,0.2596492149435805,0.12493278221032526
ml1m,common_lr3,2,user_dp,50,0.2565029416412919,0.22289293125877188
ml1m,common_lr3,3,matched,5,0.2928477499882211,0.040973373078915944
ml1m,common_lr3,3,matched,10,0.2716142182884477,0.07151218879658501
ml1m,common_lr3,3,matched,20,0.25896374238494474,0.12371170022153219
ml1m,common_lr3,3,matched,50,0.2556112166983107,0.22202028808322027
ml1m,common_lr3,3,user_dp,5,0.29358407259910757,0.040859276475035046
ml1m,common_lr3,3,user_dp,10,0.27215050403991137,0.07185903999131116
ml1m,common_lr3,3,user_dp,20,0.2589016797184438,0.12353424918214793
ml1m,common_lr3,3,user_dp,50,0.25612843395579277,0.22313560522286624
ml1m,high_lr7_stress,1,matched,5,0.2922725287642247,0.040332996518633674
ml1m,high_lr7_stress,1,matched,10,0.2736560209300189,0.07253226655140635
ml1m,high_lr7_stress,1,matched,20,0.2590252107290352,0.12433278003714601
ml1m,high_lr7_stress,1,matched,50,0.2553786557001452,0.22233247320060975
ml1m,high_lr7_stress,1,user_dp,5,0.29731409768175854,0.041690035684263625
ml1m,high_lr7_stress,1,user_dp,10,0.27688895549893416,0.07305634239765325
ml1m,high_lr7_stress,1,user_dp,20,0.26109401962795564,0.12468192702028018
ml1m,high_lr7_stress,1,user_dp,50,0.2562191161438821,0.2218699781877987
ml1m,high_lr7_stress,2,matched,5,0.2925849432381365,0.04241382075848059
ml1m,high_lr7_stress,2,matched,10,0.2718684628453232,0.07315935767909955
ml1m,high_lr7_stress,2,matched,20,0.25894570868446254,0.12469571302694986
ml1m,high_lr7_stress,2,matched,50,0.25606264003664536,0.2226658286928557
ml1m,high_lr7_stress,2,user_dp,5,0.2963261194887428,0.04132156986517394
ml1m,high_lr7_stress,2,user_dp,10,0.27393776247385404,0.07292997031904443
ml1m,high_lr7_stress,2,user_dp,20,0.2599217831975414,0.1247686509953211
ml1m,high_lr7_stress,2,user_dp,50,0.2571747050951361,0.22389272938084054
ml1m,high_lr7_stress,3,matched,5,0.29152773834055146,0.04095093454894756
ml1m,high_lr7_stress,3,matched,10,0.2708756291943454,0.07141209834898399
ml1m,high_lr7_stress,3,matched,20,0.2576728562066169,0.1234469184422419
ml1m,high_lr7_stress,3,matched,50,0.2552765848771294,0.22279522002383378
ml1m,high_lr7_stress,3,user_dp,5,0.2922169580810601,0.04037031106821021
ml1m,high_lr7_stress,3,user_dp,10,0.26975810298002584,0.07112409899885283
ml1m,high_lr7_stress,3,user_dp,20,0.25899156163077364,0.12385644977026854
ml1m,high_lr7_stress,3,user_dp,50,0.25580835575202865,0.22304352807621877
amazon_kindle,common_lr3,1,matched,5,0.002307471012947967,0.0009241492477836146
amazon_kindle,common_lr3,1,matched,10,0.0022065074853315878,0.0014067282201313098
amazon_kindle,common_lr3,1,matched,20,0.002448021617027337,0.0025015387087480214
amazon_kindle,common_lr3,1,matched,50,0.0036685171279293174,0.005913321485690663
amazon_kindle,common_lr3,1,user_dp,5,0.001352463195606759,0.0006467333717355152
amazon_kindle,common_lr3,1,user_dp,10,0.0013829517973724646,0.0010409982134107103
amazon_kindle,common_lr3,1,user_dp,20,0.001829155023927384,0.0021444802405149173
amazon_kindle,common_lr3,1,user_dp,50,0.002888937451414507,0.004836144277174219
amazon_kindle,common_lr3,2,matched,5,0.002072203103747394,0.000730059292598513
amazon_kindle,common_lr3,2,matched,10,0.002031958834915637,0.0013268258638736298
amazon_kindle,common_lr3,2,matched,20,0.0023822988995274635,0.0025188970290195675
amazon_kindle,common_lr3,2,matched,50,0.0035661407267571447,0.005753255883896723
amazon_kindle,common_lr3,2,user_dp,5,0.0015257673829170257,0.0006325302749773401
amazon_kindle,common_lr3,2,user_dp,10,0.0015680134918239846,0.0011915580789961916
amazon_kindle,common_lr3,2,user_dp,20,0.0018567465184413064,0.0019940217942768074
amazon_kindle,common_lr3,2,user_dp,50,0.0028229217830540204,0.004590672095483499
amazon_kindle,common_lr3,3,matched,5,0.002075482923823601,0.0007769171870726903
amazon_kindle,common_lr3,3,matched,10,0.00204012480499702,0.0015119212836552465
amazon_kindle,common_lr3,3,matched,20,0.002492669638834443,0.0027755484398624243
amazon_kindle,common_lr3,3,matched,50,0.0038936916149064603,0.006418231834777035
amazon_kindle,common_lr3,3,user_dp,5,0.0009616439875941208,0.00046090646713575127
amazon_kindle,common_lr3,3,user_dp,10,0.0011083391026510518,0.0008867930581814324
amazon_kindle,common_lr3,3,user_dp,20,0.0014807414267647174,0.0017514572262548067
amazon_kindle,common_lr3,3,user_dp,50,0.0025135592691034377,0.004268668492239886
amazon_kindle,high_lr7_stress,1,matched,5,0.012026368103361686,0.004286174701100822
amazon_kindle,high_lr7_stress,1,matched,10,0.011508404516404567,0.007008130055486855
amazon_kindle,high_lr7_stress,1,matched,20,0.0123398125792301,0.011828117777215309
amazon_kindle,high_lr7_stress,1,matched,50,0.015723393154464093,0.02186773818823817
amazon_kindle,high_lr7_stress,1,user_dp,5,0.0022984669626237237,0.0009019915153362871
amazon_kindle,high_lr7_stress,1,user_dp,10,0.0021959416863584266,0.0014911240289617108
amazon_kindle,high_lr7_stress,1,user_dp,20,0.0025875615906271634,0.0027645197139575493
amazon_kindle,high_lr7_stress,1,user_dp,50,0.0039115814474892366,0.006209729426716558
amazon_kindle,high_lr7_stress,2,matched,5,0.01303713636500114,0.0046004309363635865
amazon_kindle,high_lr7_stress,2,matched,10,0.012172972970103037,0.0075184039741757625
amazon_kindle,high_lr7_stress,2,matched,20,0.012953974633419515,0.012262551680603322
amazon_kindle,high_lr7_stress,2,matched,50,0.0163330116414717,0.022073045511342843
amazon_kindle,high_lr7_stress,2,user_dp,5,0.00229170982350096,0.0008310067135074478
amazon_kindle,high_lr7_stress,2,user_dp,10,0.002272253430661361,0.0014799463268673758
amazon_kindle,high_lr7_stress,2,user_dp,20,0.002685926120446333,0.0028570882226720694
amazon_kindle,high_lr7_stress,2,user_dp,50,0.004177645574384133,0.006902858893297737
amazon_kindle,high_lr7_stress,3,matched,5,0.011652436826399576,0.004349182380214012
amazon_kindle,high_lr7_stress,3,matched,10,0.011430683918611037,0.007476105987054031
amazon_kindle,high_lr7_stress,3,matched,20,0.012664907392627515,0.012633695525046323
amazon_kindle,high_lr7_stress,3,matched,50,0.016933216042479212,0.024440580327275842
amazon_kindle,high_lr7_stress,3,user_dp,5,0.002334478269000475,0.0009748064538107616
amazon_kindle,high_lr7_stress,3,user_dp,10,0.0023943604172695417,0.0016982034642084951
amazon_kindle,high_lr7_stress,3,user_dp,20,0.0027343633481760167,0.0028929201464649606
amazon_kindle,high_lr7_stress,3,user_dp,50,0.0039354385355533815,0.006153103367761591
netflix5k5k,common_lr3,1,matched,5,0.17647241750988507,0.05366630800277808
netflix5k5k,common_lr3,1,matched,10,0.17261607364136453,0.09521833178701596
netflix5k5k,common_lr3,1,matched,20,0.17210342985905408,0.15421744077696614
netflix5k5k,common_lr3,1,matched,50,0.21232015027112708,0.30927394261109575
netflix5k5k,common_lr3,1,user_dp,5,0.17493760066967848,0.05033288975510841
netflix5k5k,common_lr3,1,user_dp,10,0.17207020074096174,0.09421621226076465
netflix5k5k,common_lr3,1,user_dp,20,0.17503933001315478,0.1622336564497113
netflix5k5k,common_lr3,1,user_dp,50,0.21124583478784825,0.30195388711892224
netflix5k5k,common_lr3,2,matched,5,0.17213795826805608,0.05044186036751679
netflix5k5k,common_lr3,2,matched,10,0.17108505009925168,0.09508304682383142
netflix5k5k,common_lr3,2,matched,20,0.17104309227515757,0.1548102384469844
netflix5k5k,common_lr3,2,matched,50,0.21180077240586384,0.3134770746062111
netflix5k5k,common_lr3,2,user_dp,5,0.174249249161816,0.050644956762865505
netflix5k5k,common_lr3,2,user_dp,10,0.17038356386821643,0.09266214539641995
netflix5k5k,common_lr3,2,user_dp,20,0.1701929243544267,0.15265826892432144
netflix5k5k,common_lr3,2,user_dp,50,0.20616343568773107,0.29434922615615855
netflix5k5k,common_lr3,3,matched,5,0.17590403699845245,0.04994556015551826
netflix5k5k,common_lr3,3,matched,10,0.17355703195152677,0.09171420045427796
netflix5k5k,common_lr3,3,matched,20,0.1728525175744588,0.1527268597827965
netflix5k5k,common_lr3,3,matched,50,0.21427940376016874,0.3124244492307617
netflix5k5k,common_lr3,3,user_dp,5,0.1777548761117327,0.05064183138856098
netflix5k5k,common_lr3,3,user_dp,10,0.1723892361380283,0.09001054710154743
netflix5k5k,common_lr3,3,user_dp,20,0.1734435141024537,0.1557864111552585
netflix5k5k,common_lr3,3,user_dp,50,0.21140736210143837,0.3014687410857973
netflix5k5k,high_lr7_stress,1,matched,5,0.17537989091408435,0.053608405841095816
netflix5k5k,high_lr7_stress,1,matched,10,0.1706200288234479,0.10106285840248758
netflix5k5k,high_lr7_stress,1,matched,20,0.18281008074236682,0.18625035753161756
netflix5k5k,high_lr7_stress,1,matched,50,0.22086427913123882,0.3294850059045195
netflix5k5k,high_lr7_stress,1,user_dp,5,0.17033835956525525,0.05130606170153911
netflix5k5k,high_lr7_stress,1,user_dp,10,0.16710298801240064,0.09545850543427556
netflix5k5k,high_lr7_stress,1,user_dp,20,0.17642749189213916,0.16988130002919669
netflix5k5k,high_lr7_stress,1,user_dp,50,0.21230805778939135,0.3051941940828575
netflix5k5k,high_lr7_stress,2,matched,5,0.17584043214522596,0.05422770024566565
netflix5k5k,high_lr7_stress,2,matched,10,0.1723142487283967,0.10111048200492793
netflix5k5k,high_lr7_stress,2,matched,20,0.18201688522188897,0.18454959157543108
netflix5k5k,high_lr7_stress,2,matched,50,0.21957629535476536,0.32529539656030604
netflix5k5k,high_lr7_stress,2,user_dp,5,0.17381990934503969,0.05097506068114797
netflix5k5k,high_lr7_stress,2,user_dp,10,0.16912744436297258,0.09575916216056432
netflix5k5k,high_lr7_stress,2,user_dp,20,0.17775921380897128,0.17488812437854032
netflix5k5k,high_lr7_stress,2,user_dp,50,0.21187048372579775,0.3034311814515863
netflix5k5k,high_lr7_stress,3,matched,5,0.17630453445260597,0.05156900841654733
netflix5k5k,high_lr7_stress,3,matched,10,0.17379010646106044,0.09984368377525947
netflix5k5k,high_lr7_stress,3,matched,20,0.1837665200148817,0.1844518375925221
netflix5k5k,high_lr7_stress,3,matched,50,0.22122670635914815,0.3271847430943567
netflix5k5k,high_lr7_stress,3,user_dp,5,0.17477754274884608,0.050042288611337825
netflix5k5k,high_lr7_stress,3,user_dp,10,0.1701867788555303,0.09269288444543763
netflix5k5k,high_lr7_stress,3,user_dp,20,0.17749941995303767,0.17134773208001927
netflix5k5k,high_lr7_stress,3,user_dp,50,0.21278332092516788,0.3032232840225161
